<?xml version="1.0" encoding="UTF-8"?>
<mails>
	<mail>
		<cnt_id>so</cnt_id>
		<maillist>fan.yang3@ikea.com,lynn.guan@ikea.com,norman.zhang@ikea.com,ikea.support@acxiom.com</maillist>
		<description></description>
	</mail>
	<mail>
		<cnt_id>1</cnt_id>
		<maillist>samuel.wei@ikea.com</maillist>
		<description>SYQ</description>
	</mail>
	<mail>
		<cnt_id>2</cnt_id>
		<maillist>cao.weizhan@ikea.com</maillist>
		<description>SHXH</description>
	</mail>
	<mail>
		<cnt_id>3</cnt_id>
		<maillist>emily.ma@ikea.com</maillist>
		<description>GZ</description>
	</mail>
	<mail>
		<cnt_id>4</cnt_id>
		<maillist>yvonne.feng@ikea.com</maillist>
		<description>CD</description>
	</mail>
	<mail>
		<cnt_id>5</cnt_id>
		<maillist>neil.feng@ikea.com</maillist>
		<description>SZ</description>
	</mail>
	<mail>
		<cnt_id>6</cnt_id>
		<maillist>xiry.liang@ikea.com</maillist>
		<description>NJ</description>
	</mail>
	<mail>
		<cnt_id>7</cnt_id>
		<maillist>aaron.di1@ikea.com</maillist>
		<description>DL</description>
	</mail>
	<mail>
		<cnt_id>8</cnt_id>
		<maillist>jacky.feng@ikea.com</maillist>
		<description>SY</description>
	</mail>
	<mail>
		<cnt_id>9</cnt_id>
		<maillist>limus.mou@ikea.com</maillist>
		<description>SHBC</description>
	</mail>
	<mail>
		<cnt_id>10</cnt_id>
		<maillist>jiao.jiao@ikea.com</maillist>
		<description>TJ</description>
	</mail>
	<mail>
		<cnt_id>11</cnt_id>
		<maillist>lynette.ma@ikea.com</maillist>
		<description>WX</description>
	</mail>
	<mail>
		<cnt_id>12</cnt_id>
		<maillist>miranda.hu@ikea.com,yuhong.song@ikea.com</maillist>
		<description>NB</description>
	</mail>
	<mail>
		<cnt_id>13</cnt_id>
		<maillist>dinny.ding@ikea.com</maillist>
		<description>SHBS</description>
	</mail>
	<mail>
		<cnt_id>14</cnt_id>
		<maillist>gang.li@ikea.com</maillist>
		<description>BJXHM</description>
	</mail>
	<mail>
		<cnt_id>15</cnt_id>
		<maillist>celia.liu@ikea.com</maillist>
		<description>CQ</description>
	</mail>
</mails>
