<?xml version="1.0" encoding="UTF-8"?>
<mails>
	<mail>
		<cnt_id>so</cnt_id>
		<maillist>Eric.Zhang@acxiom.com</maillist>
		<description></description>
	</mail>
	<mail>
		<cnt_id>1</cnt_id>
		<maillist>Eric.Zhang@acxiom.com</maillist>
		<description></description>
	</mail>
	<mail>
		<cnt_id>2</cnt_id>
		<maillist>Eric.Zhang@acxiom.com</maillist>
		<description></description>
	</mail>
	<mail>
		<cnt_id>3</cnt_id>
		<maillist>Eric.Zhang@acxiom.com</maillist>
		<description></description>
	</mail>
	<mail>
		<cnt_id>4</cnt_id>
		<maillist>Eric.Zhang@acxiom.com</maillist>
		<description></description>
	</mail>
	<mail>
		<cnt_id>5</cnt_id>
		<maillist>Eric.Zhang@acxiom.com</maillist>
		<description></description>
	</mail>
	<mail>
		<cnt_id>6</cnt_id>
		<maillist>Eric.Zhang@acxiom.com</maillist>
		<description></description>
	</mail>
	<mail>
		<cnt_id>7</cnt_id>
		<maillist>Eric.Zhang@acxiom.com</maillist>
		<description></description>
	</mail>
	<mail>
		<cnt_id>8</cnt_id>
		<maillist>Eric.Zhang@acxiom.com</maillist>
		<description></description>
	</mail>
	<mail>
		<cnt_id>9</cnt_id>
		<maillist>Eric.Zhang@acxiom.com</maillist>
		<description></description>
	</mail>
	<mail>
		<cnt_id>10</cnt_id>
		<maillist>Eric.Zhang@acxiom.com</maillist>
		<description></description>
	</mail>
	<mail>
		<cnt_id>11</cnt_id>
		<maillist>Eric.Zhang@acxiom.com</maillist>
		<description></description>
	</mail>
	<mail>
		<cnt_id>12</cnt_id>
		<maillist>Eric.Zhang@acxiom.com</maillist>
		<description></description>
	</mail>
	<mail>
		<cnt_id>13</cnt_id>
		<maillist>Eric.Zhang@acxiom.com</maillist>
		<description></description>
	</mail>
	<mail>
		<cnt_id>14</cnt_id>
		<maillist>Eric.Zhang@acxiom.com</maillist>
		<description></description>
	</mail>
	<mail>
		<cnt_id>15</cnt_id>
		<maillist>Eric.Zhang@acxiom.com</maillist>
		<description></description>
	</mail>
</mails>
